INSEE_COM;maille;PoidsGeoSafran
17184;6197;0.33502000450711
17184;6198;0.261986900410754
17184;6276;0.05949956976389
17184;6277;0.343493525318288
17197;6603;0.247623061152646
17197;6604;0.212885183979946
17197;6686;0.340544029600033
17197;6687;0.198947725267444
17225;6274;0.24687698353577
17225;6275;0.163803110600454
17225;6354;0.440592771981033
17225;6355;0.148727133882223
17308;6114;0.278339763570204
17308;6115;0.378188744937202
17308;6197;0.112622310069187
17308;6198;0.230849181424266
17140;6025;0.00899820578432376
17140;6026;0.212683665250625
17140;6111;0.19870937616451
17140;6112;0.579608752800371
17257;6035;0.427851673961221
17257;6036;0.520807548420786
17257;6121;0.0403522052280273
17257;6122;0.0109885723899598
17394;5761;0.00173772145677892
17394;5762;0.124947904383127
17394;5850;0.507551294096419
17394;5851;0.365763080063514
17058;6112;0.00111316870640014
17058;6113;0.195526246801377
17058;6195;0.0260736425854627
17058;6196;0.77728694190631
17452;6195;0.113623668954902
17452;6196;0.0674004221383984
17452;6274;0.63694496304055
17452;6275;0.156134799228033
17452;6354;0.0258961466379856
17023;6203;1
17173;6855;2.3531086560867e-05
17173;6856;0.179715181402776
17173;6937;0.00443404236019219
17173;6938;0.768923332270303
17173;6939;0.0469039128802168
17283;6440;0.333391775917189
17283;6441;0.0239537041250216
17283;6520;0.584705146571476
17283;6521;0.0579493733864129
17365;6854;0.0187010043249749
17365;6855;0.100884153031383
17365;6936;0.19524032275589
17365;6937;0.685174519887661
17074;6853;0.0753784656969818
17074;6934;0.0265454103752296
17074;6935;0.881132155076775
17074;7016;0.0169439688505467
17408;6198;0.0263187827840001
17408;6199;0.927511156709659
17408;6278;0.0461700605065497
17104;6771;0.19645466012506
17104;6772;0.078065733622114
17104;6854;0.385015371145472
17104;6855;0.340464235107244
17189;6113;0.171583608262615
17189;6114;0.0592314914771526
17189;6196;0.17974478315371
17189;6197;0.5894401171066
17397;6117;0.59997016132689
17397;6118;0.197290916966105
17397;6200;0.175981818621302
17397;6201;0.0267571030857965
17382;5761;0.881096865499322
17382;5762;0.0601466720027157
17382;5850;0.0587564624981339
17234;5851;0.172638625660089
17234;5852;0.193303042603078
17234;5942;0.317320431387456
17234;5943;0.316737900349477
17158;5667;0.00845152740516506
17158;5668;0.758950864084989
17158;5760;0.23259760851014
17285;6200;0.862197155384268
17285;6201;0.0858548073558506
17285;6279;0.0462579459530819
17285;6280;0.00569009130695848
17277;5943;0.127680161301716
17277;6032;0.00540096421195903
17277;6033;0.866918874486054
17177;6121;0.694669950791279
17177;6122;0.305330049208688
17449;6029;0.614500741474637
17449;6030;0.384264538369446
17449;6115;0.00123472015581286
17185;6276;0.524089853413355
17185;6277;0.247780933052343
17185;6356;0.101278351712363
17185;6357;0.126850861821969
17442;6438;1
17269;6854;0.258847141619563
17269;6936;0.741152858380442
17354;6440;0.960332377796958
17354;6441;0.039667622202882
17439;5575;0.93626136395133
17439;5668;0.0637386360488076
17073;6201;0.29102283677083
17073;6279;0.000490736187930149
17073;6280;0.708486427041302
17324;6685;1
17300;5757;0.535204421461723
17300;5846;0.0527364723576404
17300;5756;0.412059106180685
17138;5853;0.0309732171022828
17138;5944;0.969026782897762
17038;6935;0.525333399199056
17038;6936;0.429541193340389
17038;7016;0.0407786697283826
17038;7017;0.00434673773226068
17260;6854;0.0211141135821841
17260;6855;0.966180958742056
17260;6937;0.0127049276755901
17193;5846;0.32124673372277
17193;5847;0.678753266276835
17462;6201;0.0799671555403364
17462;6202;1.55798914376609e-05
17462;6280;0.589715280036478
17462;6281;0.330301984532559
17333;6436;1
17393;6277;0.0158850205799352
17393;6278;0.034691727421278
17393;6357;0.602427858127802
17393;6358;0.346995393870729
17024;5944;0.229107110088994
17024;5945;0.249008555747604
17024;6034;0.263828867502156
17024;6035;0.258055466661143
17230;6436;0.323540183863555
17230;6437;0.162690625852032
17230;6516;0.285534928620564
17230;6517;0.228234261663521
17163;6687;0.727821519260048
17163;6770;0.272178480740132
17228;6356;0.33567385187766
17228;6357;0.0874357378521535
17228;6436;0.33866263517943
17228;6437;0.238227775091026
17429;6028;0.00221445373447333
17429;6114;0.997785546265488
17325;6601;0.178741163879797
17325;6683;0.211348772820312
17325;6684;0.609910063299575
17006;6604;0.95354260420672
17006;6605;0.0464573957931926
17446;6204;1
17357;6688;1
17183;6437;0.406255593755649
17183;6438;0.593744406244104
17410;6683;0.116754771065176
17410;6684;0.87391077949631
17410;6766;0.00129750244479373
17410;6767;0.00803694699405521
17015;6437;0.0654783777882297
17015;6517;0.876754401698248
17015;6518;0.0577672205135743
17021;6274;0.048093310897238
17021;6275;0.951906689102908
17231;6770;0.440904164395945
17231;6771;0.559095835604445
17192;6521;0.132564848734956
17192;6522;0.86743515126495
17033;7019;1
17347;6033;0.477889566024073
17347;6119;0.522110433975801
17351;6196;0.309941008411818
17351;6197;0.373203038251121
17351;6275;0.189268447122568
17351;6276;0.127587506214772
17263;6602;0.00404957354075243
17263;6685;0.597610550673139
17263;6686;0.398339875786578
17099;6853;0.680273979130754
17099;6854;0.258705312477568
17099;6935;0.0610207083917303
17064;6275;0.0120318072026797
17064;6276;0.106922859114253
17064;6355;0.506556613617957
17064;6356;0.374488720065017
17415;6279;0.388295462994094
17415;6280;0.379998161487764
17415;6359;0.190607958935596
17415;6360;0.041098416582654
17349;5574;0.151835332708573
17349;5575;0.148890493326582
17349;5667;0.358835358406036
17349;5668;0.340438815558604
17052;6768;0.913799830456972
17052;6769;0.00903510291861543
17052;6851;0.0674083707643066
17052;6852;0.00975669586021433
17093;6112;0.996563412489258
17093;6195;0.00343658751042692
17026;6202;0.0968474178221986
17026;6203;0.903152582177956
17484;6027;0.587382180680207
17484;6028;0.364611644210054
17484;6113;0.0384383960765198
17484;6114;0.00956777903173031
17223;6204;0.0054495506966096
17223;6205;0.994550449302763
17218;5480;0.00229477413124052
17218;5573;0.374798183677828
17218;5574;0.355190684138285
17218;5666;0.0306869875693762
17218;5667;0.237029370483509
17262;6278;0.437997558032136
17262;6279;0.562002441967924
17328;6600;0.270507941900454
17328;6601;0.637277630882131
17328;6683;0.0909806458598419
17328;6684;0.00123378135786129
17106;6523;1
17172;6439;0.149846118014071
17172;6519;0.850153881985958
17243;6853;0.00987000637208808
17243;6854;0.554379882714109
17243;6935;0.0488789999745489
17243;6936;0.386871110939217
17215;6603;1
17083;6115;0.0521537166150933
17083;6198;0.937169778300485
17083;6277;0.0106765050838488
17472;5665;0.200875680068118
17472;5666;0.799124319932138
17250;6520;0.180330037043019
17250;6602;0.640476862592075
17250;6603;0.17919310036494
17114;5943;0.635429580890472
17114;5944;0.364570419109785
17087;6031;0.149125327130472
17087;6032;0.85087467287056
17387;6199;0.936120107047893
17387;6200;0.0638798929520131
17286;5662;0.509319871594865
17286;5663;0.49068012840512
17403;6686;1
17284;6198;0.66482912516085
17284;6199;0.335170874839236
17046;6118;1
17062;6122;0.164356601850172
17062;6123;0.0266767536062937
17062;6205;0.577948192496766
17062;6206;0.231018452046969
17077;7017;0.491804902695748
17077;7018;0.50819509730432
17086;6280;0.466564863091959
17086;6281;0.203835422233495
17086;6360;0.190465141465622
17086;6361;0.139134573208906
17041;5668;0.0804653480269182
17041;5760;0.716598790356033
17041;5761;0.202935861616975
17019;5662;0.688069391936679
17019;5663;0.0631134311957295
17019;5754;0.0986738911626381
17081;6769;0.816862010212238
17081;6852;0.183137989787744
17232;6357;0.160294024293227
17232;6358;0.441255928536973
17232;6437;0.0129956244080133
17232;6438;0.385454422761767
17091;5572;0.219992543153554
17091;5573;0.383456861348881
17091;5665;0.169321078140469
17091;5666;0.227229517356972
17237;6113;0.277515506874177
17237;6114;0.722484493125783
17431;6199;0.202992821822746
17431;6278;0.797007178177174
17236;6685;0.42176682505875
17236;6768;0.578233174941189
17474;5852;0.699039972605176
17474;5853;0.0697366134138976
17474;5943;0.204369594520408
17474;5944;0.0268538194600811
17337;5935;0.00717012360014866
17337;5936;0.0684133339313942
17337;6025;0.665447406857966
17337;6026;0.184430518913432
17188;6121;0.109990475609179
17188;6122;0.00251094808004249
17188;6204;0.720579984799736
17188;6205;0.16691859151086
17100;6281;0.0787916097401127
17100;6282;0.0877434203264939
17100;6361;0.578984783712225
17100;6362;0.254480186221504
17323;5935;0.57191764809368
17323;5936;0.428082351906394
17268;5944;0.36714000944087
17268;6034;0.632859990559
17208;5666;0.256225733688689
17208;5667;0.699905365909756
17208;5758;0.00690587186680082
17208;5759;0.0369630285349335
17239;6203;0.376450572003393
17239;6204;0.169444053117191
17239;6282;0.0608162391807156
17239;6283;0.393289135699037
17095;6770;0.00223123136414711
17095;6771;0.307738850230067
17095;6853;0.0223357509585556
17095;6854;0.667694167448176
17066;6604;0.000775722032503191
17066;6605;0.999224277967509
17241;6855;0.07037776454746
17241;6937;0.929622235452799
17469;6439;0.323441008533892
17469;6440;0.67655899146605
17059;5758;1
17186;5759;0.395913438056468
17186;5760;0.604086561943319
17288;6033;0.419013135927136
17288;6034;0.251740885834203
17288;6119;0.20232504275018
17288;6120;0.126920935488543
17470;6202;0.0260085444185774
17470;6203;0.199159368856027
17470;6281;0.323643008965735
17470;6282;0.451189077759649
17426;6282;0.98279024291761
17426;6283;0.0172097570820229
17149;6036;1
17249;6687;0.562963731657159
17249;6688;0.437036268343142
17461;6355;0.467788112166427
17461;6356;0.15044698053438
17461;6435;0.379448571967016
17461;6436;0.00231633533334241
17451;6121;0.90444978770923
17451;6122;0.0955502122909119
17389;6115;0.000948510595184252
17389;6116;0.000101390892612523
17389;6198;0.833155292202957
17389;6199;0.165794806308937
17171;6116;0.246644924953215
17171;6117;0.107653257261343
17171;6199;0.32915591241947
17171;6200;0.316545905366304
17295;6604;1
17302;6116;0.365483385957218
17302;6199;0.634516614042582
17437;6517;1
17383;6034;0.442914947045489
17383;6120;0.557085052954794
17258;6522;0.498641091895681
17258;6604;0.501358908104568
17435;6118;1
17374;6119;0.66219321341938
17374;6120;0.12682262276331
17374;6202;0.198120316620982
17374;6203;0.0128638471970558
17067;6204;0.900971477608435
17067;6205;0.0420282404260731
17067;6283;0.0570002819648639
17036;6114;0.824702056945349
17036;6197;0.175297943054408
17335;6684;0.878172803717522
17335;6767;0.121827196282531
17395;6281;0.656700876659301
17395;6361;0.343299123340153
17254;5942;0.878624727224294
17254;6032;0.121375272775112
17147;6201;0.0389004326393905
17147;6202;0.746687390061583
17147;6281;0.2144121772992
17372;6687;1
17051;5754;0.165289827718248
17051;5755;0.834710172281476
17366;6937;0.103083534555985
17366;6938;0.0349474110349317
17366;7018;0.588595146990915
17366;7019;0.273373907418644
17134;6200;1
17102;6359;1
17108;6603;0.961130013325564
17108;6604;0.0388699866752271
17200;5757;1
17380;6355;0.97869584911796
17380;6435;0.0213041508819894
17097;6357;0.332247257969607
17097;6437;0.667752742029911
17313;6281;1
17282;6770;1
17342;6519;0.665414518243486
17342;6601;0.334585481756392
17155;6275;0.682659786838719
17155;6355;0.317340213161095
17483;5937;0.00746119519718674
17483;5938;0.992538804802499
17013;5943;0.101284077722892
17013;6033;0.898292834497275
17013;6034;0.000423087780024962
17043;5850;8.03874996857972e-07
17043;5851;0.0527253999324135
17043;5941;0.0288113866199278
17043;5942;0.918462409572578
17012;5941;0.446663750198203
17012;6031;0.553336249802748
17306;6356;0.255394899130691
17306;6435;0.0325364979709295
17306;6436;0.712068602898303
17293;5760;0.083937750059584
17293;5849;0.916062249940559
17061;6771;1
17174;5940;0.48284839477313
17174;5941;0.222831823322735
17174;6030;0.282387596378598
17174;6031;0.011932185525221
17434;5849;0.303496246849329
17434;5850;0.602611433029014
17434;5940;0.000626092562579954
17434;5941;0.093266227558602
17326;6523;0.0494353043636265
17326;6605;0.950564695636426
17055;6937;0.00201350983425654
17055;6938;0.997986490165663
17338;5760;0.00252073027229956
17338;5761;0.363615910375958
17338;5849;0.00753689991823555
17338;5850;0.626326459433677
17339;6603;0.57868286880426
17339;6604;0.295077125840579
17339;6686;0.126240005354885
17310;6438;0.55012465989442
17310;6439;0.0441371074360981
17310;6518;0.336439679141265
17310;6519;0.0692985535281086
17122;6441;0.406929189243206
17122;6442;0.593070810756715
17072;6281;0.243990826331508
17072;6282;0.756009173668214
17381;5943;0.00159921447508545
17381;6033;0.631290824611019
17381;6034;0.367109960914699
17273;6361;0.0159298057688017
17273;6362;0.00912488143178793
17273;6441;0.822542893061363
17273;6442;0.15240241973825
17362;6685;0.854926535282732
17362;6768;0.145073464717048
17003;5847;0.0789844700230418
17003;5848;0.921015529976668
17360;5755;0.981987356224083
17360;5756;0.0180126437756398
17113;7018;0.999411515023012
17113;7096;0.000588484977097535
17078;6521;0.916478532626403
17078;6522;0.0835214673737583
17267;5667;0.897109236100183
17267;5759;0.102890763900168
17278;6358;1
17358;5945;0.797109090879248
17358;5946;0.103438360897406
17358;6035;0.0994525482232016
17007;5759;0.999753827391547
17007;5760;0.000246172608055327
17343;6520;0.00084941896787757
17343;6521;0.290571888786849
17343;6602;0.000607201268139759
17343;6603;0.707971490974947
17157;6118;1
17460;6358;0.437570255980594
17460;6359;0.562429744019037
17002;6686;0.889383281912617
17002;6769;0.110616718087472
17009;5667;0.0843064444917948
17009;5759;0.915693555507849
17180;6121;0.0551271759382151
17180;6122;0.825502400549286
17180;6205;0.119370423512732
17166;5848;0.969272502589578
17166;5849;0.0307274974106347
17080;5848;0.0137180454607922
17080;5849;0.981408770575422
17080;5940;0.00487318396377277
17482;5760;0.427338365278038
17482;5761;0.0226290635160594
17482;5849;0.529254540603351
17482;5850;0.020778030602441
17068;6518;0.121107656097774
17068;6519;0.238454613656615
17068;6600;0.514786541253011
17068;6601;0.125651188993457
17400;6360;0.0192042067416636
17400;6361;0.980795793258222
17353;5938;0.218790811700303
17353;6028;0.781209188299665
17175;6522;0.876288135877177
17175;6523;0.123711864122801
17069;6361;0.78622715816394
17069;6441;0.213772841836247
17145;6441;0.471710090672093
17145;6442;0.0807330769621717
17145;6521;0.349105080863425
17145;6522;0.0984517515022643
17418;6361;0.133879757710439
17418;6362;0.724977691076435
17418;6442;0.141142551213393
17034;6517;1
17433;6770;0.645491510650417
17433;6771;0.0425259911117042
17433;6853;0.311982498237522
17402;6602;0.875722350425206
17402;6685;0.124277649572985
17079;6275;0.869010739792142
17079;6276;0.0968720377411059
17079;6355;0.0341172224667425
17169;6201;1
17126;6203;1
17070;6202;0.586486206692922
17070;6203;0.0265708771785505
17070;6281;0.386942916128702
17309;6938;0.547224443315096
17309;6939;0.0252240338915006
17309;7019;0.41874037431335
17309;7020;0.00881114848007175
17385;6025;0.662738542475451
17385;6026;0.195884342658302
17385;6111;0.141377114866186
17242;6360;0.0861801959985475
17242;6361;0.465023629873448
17242;6440;0.0361859026462468
17242;6441;0.412610271481854
17266;6031;0.189125219850593
17266;6032;0.130197189583389
17266;6117;0.338287449802567
17266;6118;0.342390140763456
17008;5666;0.930250011821241
17008;5667;0.0697499881786187
17336;6200;0.00190245895974924
17336;6279;0.998097541040192
17396;5667;0.0839864801977446
17396;5668;0.017686987334714
17396;5759;0.647400853954168
17396;5760;0.250925678513276
17287;6854;1
17424;6684;0.470215023722875
17424;6685;0.529784976276604
17142;5757;0.192967288936125
17142;5758;0.807032711064213
17271;6034;1
17441;6439;0.891493372882757
17441;6440;0.108506627117453
17297;5755;0.270943865836409
17297;5756;0.729056134163069
17210;6601;1
17233;6604;0.424464860061556
17233;6687;0.575535139939092
17261;6205;0.596756844618718
17261;6284;0.40324315538129
17161;5755;0.97579556000742
17161;5756;0.024204439992407
17153;5665;1
17289;6359;0.0181026291790407
17289;6360;0.856123171122859
17289;6439;0.101563281264045
17289;6440;0.0242109184344337
17212;6204;0.255874109820775
17212;6205;0.744125890180511
17247;6276;0.229185988739717
17247;6356;0.770814011260958
17303;5575;0.367397926534002
17303;5576;0.160319623429117
17303;5668;0.260289936087442
17303;5669;0.211992513948835
17275;6279;0.580075333071817
17275;6359;0.41992466692867
17032;5847;9.90912357705951e-05
17032;5848;0.0225716508560417
17032;5938;0.520815165929628
17032;5939;0.456514091978827
17401;5853;0.350689122503341
17401;5944;0.64931087749698
17103;5941;1
17124;5942;0.999476929921986
17124;6032;0.000523070078186879
17341;6687;0.741820353269912
17341;6688;0.258179646729911
17390;6684;1
17220;6521;0.725187625772943
17220;6603;0.274812374227004
17039;6520;0.997886232525865
17039;6602;0.00211376747427125
17029;6121;1
17115;6360;0.0905612903647168
17115;6440;0.909438709633579
17221;5851;1
17030;6277;0.30378262183346
17030;6278;0.696217378166606
17238;6604;1
17205;5939;0.174197918524749
17205;6029;0.825802081474852
17292;6030;0.146378251139503
17292;6031;0.488684578007888
17292;6116;0.233493010116492
17292;6117;0.131444160736278
17373;5758;0.263986139565212
17373;5759;0.551158237812907
17373;5847;0.116004963050762
17373;5848;0.0688506595716434
17371;6604;1
17423;6685;1
17256;6119;0.0803434658630063
17256;6202;0.919656534137202
17416;5946;0.155853736707204
17416;6036;0.844146263293142
17425;6436;0.10808539446052
17425;6437;0.886770536340424
17425;6517;0.00514406919898821
17111;6602;0.180990383566793
17111;6603;0.819009616433388
17332;6603;1
17219;6196;1
17154;6199;0.497314742886022
17154;6200;0.032916366675343
17154;6278;0.335647738311872
17154;6279;0.134121152126951
17432;6769;0.224136078991598
17432;6852;0.772545083368543
17432;6853;0.00331883763959473
17406;6197;0.0341359357306461
17406;6276;0.862053256188277
17406;6277;0.103810808080416
17004;5937;0.905040356388092
17105;6036;0.0384836061528805
17105;6037;0.351042955811666
17105;6122;0.106677343064657
17105;6123;0.503796094971161
17224;6121;0.198204440496802
17224;6203;0.0517604328679678
17224;6204;0.750035126635587
17060;6518;0.146910585970507
17060;6600;0.853089414030448
17020;6522;0.0227854913608982
17020;6523;0.0569427122656419
17020;6604;0.444129570820401
17020;6605;0.47614222555383
17359;5850;0.703392867938785
17359;5851;0.0636479723460769
17359;5941;0.232959159715241
17346;6029;0.17596517014099
17346;6115;0.824034829859105
17005;6685;0.0421973648730235
17005;6686;0.85578391072192
17005;6769;0.102018724404809
17384;5943;0.196308387850917
17384;5944;0.706829946584671
17384;6033;0.0159450044141396
17384;6034;0.080916661151116
17165;6119;0.900366358083032
17165;6120;0.0996336419171452
17117;5945;0.00614878228693954
17117;5946;0.0854206606930553
17117;6035;0.753786064446499
17117;6036;0.154644492573735
17468;6770;1
17121;5663;0.272218069200645
17121;5754;0.727781930799508
17092;6769;0.453003584608094
17092;6770;0.546996415390182
17298;6359;0.190117118006406
17298;6438;0.000587719961486142
17298;6439;0.80929516203243
17096;6770;1
17386;6937;0.429172956571236
17386;7018;0.570827043428288
17181;6118;0.779050750381203
17181;6201;0.220949249618764
17139;5851;0.279613461504308
17139;5852;0.72038653849566
17445;6358;1
17119;6357;0.161735811444981
17119;6437;0.709946575824147
17119;6438;0.128317612731363
17040;5942;0.11337441478692
17040;5943;0.0947230040122097
17040;6032;0.476484624524685
17040;6033;0.315417956676681
17420;5846;0.0896271383272081
17420;5847;0.910372861673149
17226;6118;0.718061771597316
17226;6119;0.281938228402538
17290;6203;0.660382414711955
17290;6204;0.339617585287701
17465;6032;0.757203280770844
17465;6033;0.242796719229216
17314;6281;1
17101;6034;0.372094964408704
17101;6035;0.582680050229025
17101;6121;0.0452249853619158
17132;5669;0.144827135446065
17132;5761;0.855172864554691
17361;5943;0.652704346534584
17361;5944;0.347295653464011
17345;6603;0.171862086188969
17345;6686;0.828137913811474
17318;5662;1
17466;5666;0.0274639522260973
17466;5758;0.377020184180683
17466;5759;0.595515863593002
17187;6602;0.0507736982936963
17187;6603;0.519450329909275
17187;6685;0.0456482747935285
17187;6686;0.384127697002679
17458;6770;0.0830169106377572
17458;6771;0.916983089362602
17252;6117;0.790633280536145
17252;6200;0.209366719463928
17168;5937;0.0247084041535566
17168;5938;0.0116684262572957
17168;6027;0.588374548080793
17168;6028;0.375248621508246
17065;5938;0.244122992249832
17065;5939;0.192611989604603
17065;6028;0.199148192949517
17065;6029;0.364116825195997
17430;6685;0.0221129870302226
17430;6686;0.0595806297173657
17430;6768;0.398972879543211
17430;6769;0.519333503709188
17248;6518;0.405035703324359
17248;6519;0.00305924700632271
17248;6600;0.59190504966893
17316;6604;0.154604246666283
17316;6605;0.405930041968842
17316;6687;0.064138129186115
17316;6688;0.375327582178817
17211;5943;1
17057;5759;0.132866743891353
17057;5760;0.68289183661454
17057;5848;0.0717196970986608
17057;5849;0.112521722395288
17457;5940;0.273103687284824
17457;5941;0.726896312715546
17427;6205;1
17178;6519;0.408727102715934
17178;6520;0.591272897283956
17407;5666;0.00629944910423808
17407;5758;0.945034351778891
17407;5759;0.0486661991172697
17202;5942;0.0985805944841408
17202;6032;0.901419405515496
17409;6355;0.00368410475159015
17409;6356;0.996315895248453
17037;6122;0.856492983983137
17037;6205;0.143507016016343
17413;5846;0.00284399558878673
17413;5847;0.602371721744098
17413;5938;0.394784282666942
17311;6355;1
17017;6031;0.213574995519593
17017;6117;0.786425004480766
17196;6439;0.0601273173732231
17196;6440;0.466888046435212
17196;6519;0.123996629072638
17196;6520;0.348988007119223
17089;6280;0.299390364717278
17089;6281;0.700609635282602
17025;6120;0.595096537398357
17025;6202;5.91059359541452e-06
17025;6203;0.40489755200794
17044;6360;0.475023655654658
17044;6439;0.00412487319790771
17044;6440;0.520851471146918
17136;5847;1
17112;6278;0.765511770721865
17112;6279;0.216016329009595
17112;6358;0.0177897845443181
17112;6359;0.00068211572428162
17304;6361;1
17344;6118;0.0903632506646079
17344;6119;0.0845754689718934
17344;6201;0.211998551316901
17344;6202;0.613062729046724
17216;6030;0.673330970584932
17216;6116;0.326669029414604
17203;5848;0.0840035446759727
17203;5849;0.0734718238322368
17203;5939;0.162525350887637
17203;5940;0.679999280604165
17272;5849;0.913390139631507
17272;5940;0.0866098603687237
17369;5754;0.0247757367605011
17369;5755;0.975224263240131
17367;6034;0.0635175888861943
17367;6035;0.068459697072166
17367;6120;0.417414544071979
17367;6121;0.450608169970024
17264;5665;0.17502156670934
17264;5757;0.716425625977091
17264;5664;0.00680602153603436
17264;5756;0.101746785776688
17084;6519;0.400672734988798
17084;6520;0.0974706357266377
17084;6601;0.497852912790875
17084;6602;0.00400371649425904
17307;6277;0.41804872599908
17307;6357;0.581951274001346
17388;6520;1
17276;6771;1
17118;6852;0.0755683150222284
17118;6853;0.906558969456306
17118;6934;0.000180636000914748
17118;6935;0.0176920795203215
17204;6687;0.569716007982988
17204;6688;0.100400505321254
17204;6770;0.257547544319309
17204;6771;0.0723359423760158
17253;5939;0.133486039789865
17253;5940;0.42317545032428
17253;6029;0.324127089792087
17253;6030;0.119211420093917
17436;6200;0.211031572253945
17436;6201;0.788968427745519
17128;6280;0.0132801839135945
17128;6360;0.932968500817857
17128;6361;0.053751315268352
17378;6854;0.354906707822632
17378;6855;0.645093292177641
17167;6855;0.0924582189066545
17167;6856;0.0116478770344737
17167;6937;0.815449793975492
17167;6938;0.0804441100834131
17150;6033;0.00206332433462497
17150;6034;0.966166828733657
17150;6120;0.0317698469314064
17016;6523;0.793069638473471
17016;6605;0.206930361525268
17143;6201;0.686136954348562
17143;6202;0.0158924805863447
17143;6280;0.297970565064612
17235;6203;0.570978122341489
17235;6282;0.429021877658128
17063;5941;0.973620308449116
17063;5942;0.0263796915507401
17010;5846;1
17209;6442;0.63812114369619
17209;6522;0.361878856303233
17473;6035;1
17477;6036;0.887941607123054
17477;6037;0.11205839287716
17201;5669;0.0429774435148666
17201;5761;0.957022556483845
17485;6112;0.911185858223968
17485;6195;0.0888141417758962
17481;6032;0.739770783389239
17481;6118;0.260229216609173
17120;6199;0.00167097026767035
17120;6278;0.835036440660279
17120;6358;0.163292589072052
17098;6517;0.138147444086517
17098;6518;0.618622559332948
17098;6599;0.00175691092335459
17098;6600;0.241473085657062
17320;6030;0.766815325535265
17320;6116;0.233184674464414
17222;5665;0.952351543449364
17222;5757;0.0476484565508182
17438;6519;0.32336312351914
17438;6520;0.676636876480373
17047;6521;1
17421;6356;0.274209073040098
17421;6357;0.725375557036412
17421;6437;0.000415369923379709
17350;6033;0.007279914781081
17350;6119;0.992720085218705
17480;5759;0.121545335524396
17480;5848;0.589021711521154
17480;5849;0.28943295295431
17076;6442;1
17455;6115;0.298549681621665
17455;6116;0.701450318378287
17162;6036;0.349511874529117
17162;6122;0.650488125470415
17191;6360;0.676144880785965
17191;6440;0.323855119216244
17459;6119;0.145898623488454
17459;6120;0.854101376511322
17330;6198;0.227039208519618
17330;6199;0.00129550207122756
17330;6277;0.722125930557198
17330;6278;0.0495393588519863
17244;6358;0.0369371244422763
17244;6359;0.0119971639697412
17244;6438;0.775836257841395
17244;6439;0.175229453746286
17094;5846;0.405283118172404
17094;5847;0.0226684693642243
17094;5937;0.347921447602395
17094;5938;0.224126964862297
17255;6277;1
17131;6437;0.154287762785019
17131;6438;0.349883994388829
17131;6517;0.0298848661980132
17131;6518;0.465943376628322
17085;6116;0.740563579015146
17085;6117;0.259436420985065
17279;6602;0.79703021216526
17279;6685;0.202969787835171
17141;6361;1
17259;6521;0.112521604576144
17259;6522;0.0510653793532037
17259;6603;0.422734711751901
17259;6604;0.413678304318811
17454;6686;0.000477319518965491
17454;6687;0.00451732573381752
17454;6769;0.308875914143971
17454;6770;0.686129440603446
17315;5759;0.127437793053452
17315;5847;0.178539876137506
17315;5848;0.694022330808935
17422;6036;0.416607185909406
17422;6122;0.58339281409124
17321;5941;0.0538923183076276
17321;6030;0.130841049914583
17321;6031;0.815266631777557
17411;6112;0.0486876039076605
17411;6195;0.951312396092482
17405;6684;0.272053980078004
17405;6766;1.35965934988561e-05
17405;6767;0.7279324233282
17301;6036;1
17176;6121;1
17352;5941;1
17471;5944;0.15430515453752
17471;5945;0.845694845462582
17214;6278;0.0827188299272762
17214;6358;0.876167845104926
17214;6359;0.0411133249678199
17428;6204;0.971872276717672
17428;6283;0.0281277232824029
17160;6600;0.713611079772398
17160;6601;0.286388920226864
17129;6768;0.0142662323511393
17129;6769;0.853757815025855
17129;6852;0.131975952622964
17348;6197;0.706542532364798
17348;6198;0.293457467635044
17082;6604;0.109257228153889
17082;6687;0.890742771845799
17364;6442;0.174820246869732
17364;6522;0.82517975313057
17448;6030;0.0305844772702798
17448;6031;0.969415522729688
17022;6119;1
17317;6601;0.215841240904243
17317;6602;0.154407309190902
17317;6684;0.402532993996624
17317;6685;0.227218455908315
17379;6520;0.693256517786636
17379;6602;0.306743482213007
17127;5668;0.796792331816577
17127;5669;0.203207668183583
17075;6029;0.024129888768406
17075;6030;0.236666161135161
17075;6115;0.196386959061773
17075;6116;0.54281699103502
17035;6122;0.987609649525458
17035;6123;0.0123903504747973
17476;6686;0.725562656715261
17476;6687;0.0462160940192307
17476;6769;0.228221249265935
17479;6518;0.261106504837398
17479;6519;0.738893495163174
17463;6028;0.996101995155004
17463;6029;0.00389800484459987
17206;6035;0.684451659189394
17206;6121;0.315548340810404
17195;5943;0.995064509139858
17195;6033;0.00493549085981802
17464;5943;1
17440;6032;0.522283143257367
17440;6033;0.150156215829179
17440;6118;0.153995582654584
17440;6119;0.173565058259728
17125;6033;0.963484776605431
17125;6119;0.0365152233944222
17334;5944;1
17453;6115;0.904270814532528
17453;6198;0.0957291854674475
17412;6201;1
17156;6770;1
17011;6201;1
17291;5757;1
17054;6855;0.99645199529122
17054;6856;0.0035480047096231
17133;6438;0.00163453715985022
17133;6439;0.890133121818239
17133;6519;0.108232341021486
17018;5939;0.967105102789614
17018;5940;0.0328948972103726
17404;6439;1
17246;6030;1
17179;6280;0.0275922132268087
17179;6360;0.972407786773187
17152;6517;0.0542901476572044
17152;6518;0.94570985234284
17417;6769;1
17450;6031;0.316885559945835
17450;6032;0.683114440054166
17312;6684;0.0128743061577652
17312;6685;0.0152859447688597
17312;6767;0.755659636102925
17312;6768;0.216180112970642
17322;5668;1
17486;5936;1
17294;5941;0.397794470977641
17294;5942;0.602129142972859
17294;6032;7.63860495465058e-05
17071;6120;0.930369028284759
17071;6121;0.0659917504109511
17071;6203;0.0036392213040539
17414;5665;0.132108466100374
17414;5666;0.137009414189595
17414;5757;0.50563195039378
17414;5758;0.225250169315532
17135;6122;1
17027;6520;0.0731830824085006
17027;6521;0.926816917591378
17280;6199;0.0278078290187495
17280;6200;0.972192170981074
17146;6114;0.28026204478569
17146;6115;0.719737955214075
17340;5849;0.11982188190647
17340;5850;0.00470841953914513
17340;5940;0.858673092253706
17340;5941;0.0167966063011994
17227;6520;1
17398;6441;1
17194;5847;0.999900159953228
17194;5848;9.98400463864797e-05
17355;6522;0.654178268227259
17355;6523;0.0145599560381646
17355;6604;0.331261775734272
17207;5663;1
17109;5758;0.229365692220837
17109;5847;0.770634307778234
17274;5757;0.63634907489482
17274;5758;0.293082797880043
17274;5846;0.0550835238660933
17274;5847;0.0154846033590244
17198;6201;1
17199;6853;1
17270;6686;0.107924966494582
17270;6687;0.892075033505318
17296;6358;0.320069979613111
17296;6359;0.679930020387047
17265;6275;0.12947898493559
17265;6276;0.870521015064259
17110;6936;0.511226691480321
17110;6937;0.207341303122004
17110;7016;1.10712622806988e-05
17110;7017;0.274556984181765
17110;7018;0.00686394995369204
17190;5757;0.529761528956367
17190;5756;0.470238471043703
17305;6769;1
17028;5757;0.101620339583269
17028;5846;0.898370575213294
17028;5847;9.08520360411273e-06
17182;5668;0.087581418815548
17182;5669;0.873054471625665
17182;5760;0.000267643994709518
17182;5761;0.039096465564264
17319;6854;1
17053;6116;0.878175542954394
17053;6117;0.121824457045834
17281;6853;0.232451798853244
17281;6854;0.767548201147542
17107;5938;0.0250553917427087
17107;5939;0.974565327937743
17107;6029;0.000379280319960996
17447;5847;0.0481136039060469
17447;5848;0.771348510797135
17447;5939;0.180537885296854
17375;6028;0.790379192257664
17375;6114;0.209620807742417
17377;6205;1
17042;6202;0.902602655103073
17042;6203;0.0973973448962034
17467;6033;0.289567639480755
17467;6034;0.710432360519882
17363;6603;0.740937106215853
17363;6604;0.259062893783261
17045;6115;0.197004470564984
17045;6116;0.336764095909606
17045;6198;0.0193123933554603
17045;6199;0.4469190401701
17137;5943;1
17164;6280;1
17148;6200;0.363328176254372
17148;6279;0.636671823745252
17245;5758;0.859244862261075
17245;5847;0.140755137739986
17444;6359;0.624087536421335
17444;6360;0.324357304524186
17444;6439;0.0515551590543921
17116;6685;1
17331;6602;0.99974906841919
17331;6603;0.00025093158068524
17478;5946;0.843043446703519
17478;6036;0.156956553296679
17049;5944;1
17391;5758;0.506782904994366
17391;5846;0.0028096194887158
17391;5847;0.490407475517311
17299;6028;0.438492704794554
17299;6029;0.284620591059434
17299;6114;0.195258683919004
17299;6115;0.0816280202270254
17151;6356;1
17240;6770;0.224210688035497
17240;6852;0.0759324827464091
17240;6853;0.699856829218014
17130;6769;0.312951104374419
17130;6770;0.683678202394216
17130;6852;0.00128425212175747
17130;6853;0.00208644110970378
17217;6205;0.128579883244629
17217;6284;0.871420116756152
17213;5942;0.083434791588591
17213;5943;0.916565208411166
17356;5941;0.0299704074643323
17356;5942;0.0290170352465369
17356;6031;0.310122823433816
17356;6032;0.630889733855181
17443;5847;0.548464757398044
17443;5848;0.0145313569437296
17443;5938;0.437003885658097
17229;6770;0.0936596908024561
17229;6771;0.906340309196274
17050;6601;0.18854570382001
17050;6602;0.811454296179852
17056;6440;0.00820238302465777
17056;6441;0.901058311637959
17056;6521;0.0907393053373458
17048;6120;0.102931848887045
17048;6121;0.163395116794566
17048;6203;0.628684837956297
17048;6204;0.104988196362614
17376;5666;0.939842479081337
17376;5758;0.0601575209182108
17159;6520;0.372389956957643
17159;6521;0.627610043042703
17031;6204;0.0431546377922883
17031;6205;0.499416067238603
17031;6283;0.109277237743553
17031;6284;0.348152057224198
17327;5851;0.748831345242489
17327;5942;0.251168654757713
17392;6600;1
17329;6113;0.374589740968115
17329;6114;0.625410259032229
